node_317,reg_1,,1,,,,,ABCN
reg_1,meter_47,,1,,,,,ABCN
node_50,fuse_1,,1,,,,,ABCN
fuse_1,node_172,,1,,,,,ABCN
node_49,fuse_2,,1,,,,,ABCN
fuse_2,node_173,,1,,,,,ABCN
node_18,fuse_3,,1,,,,,ABCN
fuse_3,node_191,,1,,,,,ABCN
node_17,fuse_4,,1,,,,,ABCN
fuse_4,node_199,,1,,,,,ABCN
node_20,fuse_5,,1,,,,,ABCN
fuse_5,node_188,,1,,,,,ABCN
node_19,fuse_6,,1,,,,,ABCN
fuse_6,node_202,,1,,,,,ABCN
node_57,fuse_7,,1,,,,,ABCN
fuse_7,node_198,,1,,,,,ABCN
node_38,fuse_8,,1,,,,,AN
fuse_8,node_189,,1,,,,,AN
node_37,fuse_9,,1,,,,,AN
fuse_9,node_200,,1,,,,,AN
node_56,fuse_10,,1,,,,,ABCN
fuse_10,node_197,,1,,,,,ABCN
node_44,fuse_11,,1,,,,,ABCN
fuse_11,node_196,,1,,,,,ABCN
node_42,fuse_12,,1,,,,,ABN
fuse_12,node_203,,1,,,,,ABN
node_51,fuse_13,,1,,,,,AN
fuse_13,node_204,,1,,,,,AN
node_46,fuse_14,,1,,,,,ABCN
fuse_14,node_178,,1,,,,,ABCN
node_16,fuse_15,,1,,,,,ABCN
fuse_15,node_175,,1,,,,,ABCN
node_15,fuse_16,,1,,,,,ABCN
fuse_16,node_186,,1,,,,,ABCN
node_21,fuse_17,,1,,,,,ABCN
fuse_17,node_184,,1,,,,,ABCN
node_9,fuse_18,,1,,,,,ABCN
fuse_18,node_171,,1,,,,,ABCN
node_9,fuse_19,,1,,,,,ACN
fuse_19,node_170,,1,,,,,ACN
node_8,fuse_20,,1,,,,,ABCN
fuse_20,node_179,,1,,,,,ABCN
node_6,fuse_21,,1,,,,,ABCN
fuse_21,node_176,,1,,,,,ABCN
node_53,fuse_22,,1,,,,,ABCN
fuse_22,node_182,,1,,,,,ABCN
node_5,fuse_23,,1,,,,,ABCN
fuse_23,node_177,,1,,,,,ABCN
node_42,fuse_24,,1,,,,,ABCN
fuse_24,node_183,,1,,,,,ABCN
node_3,fuse_25,,1,,,,,CN
fuse_25,node_174,,1,,,,,CN
node_5,fuse_26,,1,,,,,BN
fuse_26,node_195,,1,,,,,BN
node_30,fuse_27,,1,,,,,ABCN
fuse_27,node_185,,1,,,,,ABCN
node_4,fuse_28,,1,,,,,ABCN
fuse_28,node_180,,1,,,,,ABCN
node_29,fuse_29,,1,,,,,ABCN
fuse_29,node_192,,1,,,,,ABCN
node_30,fuse_30,,1,,,,,ABCN
fuse_30,node_190,,1,,,,,ABCN
node_3,fuse_31,,1,,,,,ABCN
fuse_31,node_194,,1,,,,,ABCN
node_2,fuse_32,,1,,,,,CN
fuse_32,node_193,,1,,,,,CN
node_32,fuse_33,,1,,,,,CN
fuse_33,node_181,,1,,,,,CN
node_210,fuse_34,,1,,,,,ABCN
fuse_34,node_187,,1,,,,,ABCN
node_293,fuse_35,,1,,,,,ABCN
fuse_35,node_201,,1,,,,,ABCN
load_1,meter_1,,2,,,,,ABCN
load_2,meter_2,,2,,,,,ABCN
load_3,meter_3,,2,,,,,ABCN
load_4,meter_4,,2,,,,,ABCN
load_5,meter_5,,2,,,,,ABCN
load_6,meter_6,,2,,,,,ABCN
load_7,meter_7,,2,,,,,ABCN
load_8,meter_8,,2,,,,,ABCN
load_9,meter_9,,2,,,,,ABCN
load_10,meter_10,,2,,,,,ABCN
load_11,meter_11,,2,,,,,ABCN
load_12,meter_12,,2,,,,,ABCN
load_13,meter_13,,2,,,,,ABCN
load_14,meter_14,,2,,,,,AN
load_15,meter_15,,2,,,,,ABCN
load_16,meter_16,,2,,,,,ABCN
load_17,meter_17,,2,,,,,ABCN
load_18,meter_18,,2,,,,,ABCN
load_19,meter_19,,2,,,,,AN
load_20,meter_20,,2,,,,,AN
load_21,meter_21,,2,,,,,ABCN
load_22,meter_22,,2,,,,,ABN
load_23,meter_23,,2,,,,,ABCN
load_24,meter_24,,2,,,,,AN
load_25,meter_25,,2,,,,,ABCN
load_26,meter_26,,2,,,,,ABCN
load_27,meter_27,,2,,,,,ACN
load_28,meter_28,,2,,,,,ABCN
load_29,meter_29,,2,,,,,ABCN
load_30,meter_30,,2,,,,,ABCN
load_31,meter_31,,2,,,,,ABCN
load_32,meter_32,,2,,,,,ABN
load_33,meter_33,,2,,,,,ABCN
load_34,meter_34,,2,,,,,ABCN
load_35,meter_35,,2,,,,,ABCN
load_36,meter_36,,2,,,,,ABCN
load_37,meter_37,,2,,,,,BN
load_38,meter_38,,2,,,,,ABCN
load_39,meter_39,,2,,,,,ABCN
load_40,meter_40,,2,,,,,ABCN
load_41,meter_41,,2,,,,,ABN
load_42,meter_42,,2,,,,,ABN
load_43,meter_43,,2,,,,,ABCN
load_44,meter_44,,2,,,,,ABN
load_45,meter_45,,2,,,,,ABN
load_46,meter_46,,2,,,,,ABCN
node_1,meter_47,,2,,,,,ABCN
node_63,node_227,,1,Solid,,,,ABCN
node_228,node_63,,1,Solid,,,,ABCN
node_223,node_50,,1,Solid,,,,ABCN
node_50,node_49,,1,Solid,,,,ABCN
node_241,node_165,,1,Solid,,,,ABCN
node_237,node_122,,1,Solid,,,,ABCN
node_252,node_101,,1,Solid,,,,ABCN
node_244,node_123,,1,Solid,,,,CN
node_233,node_124,,1,Solid,,,,CN
node_121,node_257,,1,Solid,,,,ABCN
node_115,node_254,,1,Solid,,,,ABCN
node_66,node_247,,1,Solid,,,,ABCN
node_101,node_265,,1,Solid,,,,ABCN
node_209,node_19,,1,Solid,,,,ABCN
node_23,node_24,,1,Solid,,,,ABCN
node_235,node_164,,1,Solid,,,,ABCN
node_245,node_139,,1,Solid,,,,ABCN
node_207,node_18,,1,Solid,,,,ABCN
node_164,node_256,,1,Solid,,,,ABCN
node_113,node_314,,1,Solid,,,,AN
node_231,node_167,,1,Solid,,,,ABCN
node_250,node_66,,1,Solid,,,,ABCN
node_166,node_238,,1,Solid,,,,ABCN
node_137,node_242,,1,Solid,,,,AN
node_249,node_114,,1,Solid,,,,ABCN
node_264,node_138,,1,Solid,,,,ABCN
node_232,node_163,,1,Solid,,,,ABCN
node_240,node_102,,1,Solid,,,,ABCN
node_18,node_20,,1,Solid,,,,ABCN
node_258,node_166,,1,Solid,,,,ABCN
node_165,node_239,,1,Solid,,,,ABCN
node_112,node_248,,1,Solid,,,,ABCN
node_253,node_111,,1,Solid,,,,ABCN
node_229,node_71,,1,Solid,,,,AN
node_251,node_67,,1,Solid,,,,ABCN
node_19,node_17,,1,Solid,,,,ABCN
node_25,node_312,,1,Solid,,,,ABCN
node_57,node_56,,1,Solid,,,,ABCN
node_260,node_115,,1,Solid,,,,ABCN
node_206,node_57,,1,Solid,,,,ABCN
node_262,node_112,,1,Solid,,,,ABCN
node_111,node_246,,1,Solid,,,,ABCN
node_261,node_121,,1,Solid,,,,ABCN
node_230,node_113,,1,Solid,,,,AN
node_163,node_255,,1,Solid,,,,ABCN
node_216,node_23,,1,Solid,,,,ABCN
node_26,node_25,,1,Solid,,,,ABCN
node_259,node_137,,1,Solid,,,,AN
node_71,node_236,,1,Solid,,,,AN
node_54,node_168,,1,Solid,,,,ABCN
node_45,node_44,,1,Solid,,,,ABCN
node_44,node_42,,1,Solid,,,,ABCN
node_203,node_104,,1,Solid,,,,ABN
node_68,node_51,,1,Solid,,,,ABCN
node_41,node_46,,1,Solid,,,,ABCN
node_45,node_47,,1,Solid,,,,ABCN
node_47,node_155,,1,Solid,,,,ABCN
node_13,node_16,,1,Solid,,,,ABCN
node_12,node_15,,1,Solid,,,,ABCN
node_22,node_21,,1,Solid,,,,ABCN
node_194,node_58,,1,Solid,,,,ABCN
node_58,node_136,,1,Solid,,,,ABCN
node_60,node_61,,1,Solid,,,,AN
node_59,node_60,,1,Solid,,,,ABCN
node_170,node_129,,1,Solid,,,,ACN
node_148,node_62,,1,Solid,,,,ABCN
node_62,node_73,,1,Solid,,,,ABCN
node_171,node_59,,1,Solid,,,,ABCN
node_52,node_169,,1,Solid,,,,AN
node_204,node_52,,1,Solid,,,,AN
node_40,node_41,,1,Solid,,,,ABCN
node_40,node_220,,1,Solid,,,,ABCN
node_39,node_93,,1,Solid,,,,ABCN
node_64,node_39,,1,Solid,,,,ABCN
node_65,node_135,,1,Solid,,,,CN
node_88,node_65,,1,Solid,,,,CN
node_86,node_205,,1,Solid,,,,ABCN
node_94,node_144,,1,Solid,,,,AN
node_140,node_134,,1,Solid,,,,ABCN
node_79,node_105,,1,Solid,,,,BN
node_145,node_80,,1,Solid,,,,BN
node_131,node_142,,1,Solid,,,,ABCN
node_12,node_13,,1,Solid,,,,ABCN
node_39,node_130,,1,Solid,,,,ACN
node_127,node_4,,1,Solid,,,,ABCN
node_117,node_70,,1,Solid,,,,BN
node_208,node_92,,1,Solid,,,,ABCN
node_118,node_148,,1,Solid,,,,ABCN
node_195,node_72,,1,Solid,,,,BN
node_29,node_30,,1,Solid,,,,ABCN
node_151,node_156,,1,Solid,,,,ABCN
node_27,node_218,,1,Solid,,,,ABCN
node_41,node_45,,1,Solid,,,,ABCN
node_4,node_145,,1,Solid,,,,BN
node_76,node_131,,1,Solid,,,,ABCN
node_157,node_8,,1,Solid,,,,ABCN
node_176,node_106,,1,Solid,,,,ACN
node_104,node_35,,1,Solid,,,,ABN
node_155,node_126,,1,Solid,,,,ABCN
node_120,node_158,,1,Solid,,,,BN
node_190,node_31,,1,Solid,,,,BN
node_132,node_107,,1,Solid,,,,ABCN
node_150,node_149,,1,Solid,,,,ABCN
node_34,node_88,,1,Solid,,,,CN
node_55,node_119,,1,Solid,,,,ABN
node_159,node_28,,1,Solid,,,,ABCN
node_106,node_11,,1,Solid,,,,ACN
node_82,node_83,,1,Solid,,,,ABCN
node_8,node_81,,1,Solid,,,,ABCN
node_97,node_84,,1,Solid,,,,ABCN
node_73,node_82,,1,Solid,,,,ABCN
node_10,node_9,,1,Solid,,,,ABCN
node_9,node_157,,1,Solid,,,,ABCN
node_55,node_53,,1,Solid,,,,ABCN
node_217,node_55,,1,Solid,,,,ABCN
node_53,node_108,,1,Solid,,,,ABCN
node_192,node_100,,1,Solid,,,,ACN
node_177,node_127,,1,Solid,,,,ABCN
node_142,node_12,,1,Solid,,,,ABCN
node_93,node_43,,1,Solid,,,,ABCN
node_108,node_68,,1,Solid,,,,ABCN
node_153,node_159,,1,Solid,,,,ABCN
node_100,node_94,,1,Solid,,,,AN
node_31,node_85,,1,Solid,,,,BN
node_136,node_160,,1,Solid,,,,ABCN
node_2,node_78,,1,Solid,,,,CN
node_80,node_79,,1,Solid,,,,BN
node_70,node_96,,1,Solid,,,,BN
node_92,node_76,,1,Solid,,,,ABCN
node_43,node_133,,1,Solid,,,,BN
node_43,node_99,,1,Solid,,,,ABCN
node_107,node_143,,1,Solid,,,,ABCN
node_13,node_91,,1,Solid,,,,ABCN
node_28,node_146,,1,Solid,,,,ABCN
node_161,node_29,,1,Solid,,,,ABCN
node_99,node_14,,1,Solid,,,,ABCN
node_28,node_120,,1,Solid,,,,BN
node_185,node_153,,1,Solid,,,,ABCN
node_149,node_118,,1,Solid,,,,ABCN
node_147,node_103,,1,Solid,,,,ABN
node_11,node_90,,1,Solid,,,,ACN
node_226,node_141,,1,Solid,,,,ABCN
node_7,node_226,,1,Solid,,,,ABCN
node_35,node_116,,1,Solid,,,,ABN
node_174,node_110,,1,Solid,,,,CN
node_32,node_75,,1,Solid,,,,CN
node_34,node_152,,1,Solid,,,,CN
node_110,node_2,,1,Solid,,,,CN
node_72,node_87,,1,Solid,,,,BN
node_87,node_117,,1,Solid,,,,BN
node_98,node_10,,1,Solid,,,,ABCN
node_14,node_22,,1,Solid,,,,ABCN
node_135,node_109,,1,Solid,,,,CN
node_160,node_161,,1,Solid,,,,ABCN
node_141,node_140,,1,Solid,,,,ABCN
node_74,node_128,,1,Solid,,,,ACN
node_22,node_27,,1,Solid,,,,ABCN
node_11,node_74,,1,Solid,,,,ACN
node_84,node_150,,1,Solid,,,,ABCN
node_182,node_54,,1,Solid,,,,ABCN
node_54,node_77,,1,Solid,,,,ABCN
node_5,node_162,,1,Solid,,,,ABCN
node_33,node_147,,1,Solid,,,,ABN
node_103,node_154,,1,Solid,,,,ABN
node_144,node_69,,1,Solid,,,,AN
node_27,node_132,,1,Solid,,,,ABCN
node_179,node_7,,1,Solid,,,,ABCN
node_129,node_32,,1,Solid,,,,CN
node_81,node_5,,1,Solid,,,,ABCN
node_75,node_34,,1,Solid,,,,CN
node_7,node_97,,1,Solid,,,,ABCN
node_116,node_33,,1,Solid,,,,ABN
node_83,node_125,,1,Solid,,,,ABCN
node_3,node_86,,1,Solid,,,,ABCN
node_78,node_95,,1,Solid,,,,CN
node_162,node_3,,1,Solid,,,,ABCN
node_89,node_151,,1,Solid,,,,ABCN
node_6,node_89,,1,Solid,,,,ABCN
node_134,node_6,,1,Solid,,,,ABCN
node_213,node_98,,1,Solid,,,,ABCN
node_49,switch_1,,1,,,,,ABCN
switch_1,node_224,,1,,,,,ABCN
node_17,switch_2,,1,,,,,ABCN
switch_2,node_212,,1,,,,,ABCN
node_67,switch_3,,1,,,,,ABCN
switch_3,node_313,,1,,,,,ABCN
node_215,switch_4,,1,,,,,ABCN
switch_4,node_26,,1,,,,,ABCN
node_24,switch_5,,1,,,,,ABCN
switch_5,node_214,,1,,,,,ABCN
node_20,switch_6,,1,,,,,ABCN
switch_6,node_219,,1,,,,,ABCN
node_56,switch_7,,1,,,,,ABCN
switch_7,node_211,,1,,,,,ABCN
node_25,switch_8,,1,,,,,ABCN
switch_8,node_210,,1,,,,,ABCN
node_221,switch_9,,1,,,,,ABCN
switch_9,node_64,,1,,,,,ABCN
node_222,switch_10,,1,,,,,ABCN
switch_10,node_40,,1,,,,,ABCN
node_51,switch_11,,1,,,,,ABCN
switch_11,node_225,,1,,,,,ABCN
node_14,switch_12,,1,,,,,ABCN
switch_12,node_213,,1,,,,,ABCN
node_14,switch_13,,1,,,,,ABCN
switch_13,node_208,,1,,,,,ABCN
node_220,switch_14,,1,,,,,ABCN
switch_14,node_221,,1,,,,,ABCN
node_225,switch_15,,1,,,,,ABCN
switch_15,node_223,,1,,,,,ABCN
node_310,switch_16,,1,,,,,ABCN
switch_16,node_206,,1,,,,,ABCN
node_295,switch_17,,1,,,,,ABCN
switch_17,node_216,,1,,,,,ABCN
node_175,switch_18,,1,,,,,ABCN
switch_18,node_207,,1,,,,,ABCN
node_236,switch_19,,1,,,,,AN
switch_19,node_230,,1,,,,,AN
node_294,switch_20,,1,,,,,ABCN
switch_20,node_217,,1,,,,,ABCN
node_311,switch_21,,1,,,,,ABCN
switch_21,node_260,,1,,,,,ABCN
node_186,switch_22,,1,,,,,ABCN
switch_22,node_209,,1,,,,,ABCN
node_309,switch_23,,1,,,,,ABCN
switch_23,node_241,,1,,,,,ABCN
node_123,xfmr_1,,1,,,,,CS
xfmr_1,tn_1,,1,,,,,CS
node_124,xfmr_2,,1,,,,,CS
xfmr_2,tn_2,,1,,,,,CS
node_139,xfmr_3,,1,,,,,AS
xfmr_3,tn_3,,1,,,,,AS
node_139,xfmr_4,,1,,,,,BS
xfmr_4,tn_4,,1,,,,,BS
node_139,xfmr_5,,1,,,,,CS
xfmr_5,tn_5,,1,,,,,CS
node_58,xfmr_6,,1,,,,,AS
xfmr_6,tn_6,,1,,,,,AS
node_58,xfmr_7,,1,,,,,BS
xfmr_7,tn_7,,1,,,,,BS
node_58,xfmr_8,,1,,,,,CS
xfmr_8,tn_8,,1,,,,,CS
node_136,xfmr_9,,1,,,,,AS
xfmr_9,tn_9,,1,,,,,AS
node_136,xfmr_10,,1,,,,,BS
xfmr_10,tn_10,,1,,,,,BS
node_136,xfmr_11,,1,,,,,CS
xfmr_11,tn_11,,1,,,,,CS
node_61,xfmr_12,,1,,,,,AS
xfmr_12,tn_12,,1,,,,,AS
node_60,xfmr_13,,1,,,,,AS
xfmr_13,tn_13,,1,,,,,AS
node_60,xfmr_14,,1,,,,,BS
xfmr_14,tn_14,,1,,,,,BS
node_60,xfmr_15,,1,,,,,CS
xfmr_15,tn_15,,1,,,,,CS
node_129,xfmr_16,,1,,,,,AS
xfmr_16,tn_16,,1,,,,,AS
node_129,xfmr_17,,1,,,,,CS
xfmr_17,tn_17,,1,,,,,CS
node_62,xfmr_18,,1,,,,,AS
xfmr_18,tn_18,,1,,,,,AS
node_62,xfmr_19,,1,,,,,BS
xfmr_19,tn_19,,1,,,,,BS
node_62,xfmr_20,,1,,,,,CS
xfmr_20,tn_20,,1,,,,,CS
node_73,xfmr_21,,1,,,,,AS
xfmr_21,tn_21,,1,,,,,AS
node_73,xfmr_22,,1,,,,,BS
xfmr_22,tn_22,,1,,,,,BS
node_73,xfmr_23,,1,,,,,CS
xfmr_23,tn_23,,1,,,,,CS
node_59,xfmr_24,,1,,,,,AS
xfmr_24,tn_24,,1,,,,,AS
node_59,xfmr_25,,1,,,,,BS
xfmr_25,tn_25,,1,,,,,BS
node_59,xfmr_26,,1,,,,,CS
xfmr_26,tn_26,,1,,,,,CS
node_135,xfmr_27,,1,,,,,CS
xfmr_27,tn_27,,1,,,,,CS
node_65,xfmr_28,,1,,,,,CS
xfmr_28,tn_28,,1,,,,,CS
node_205,xfmr_29,,1,,,,,AS
xfmr_29,tn_29,,1,,,,,AS
node_205,xfmr_30,,1,,,,,BS
xfmr_30,tn_30,,1,,,,,BS
node_205,xfmr_31,,1,,,,,CS
xfmr_31,tn_31,,1,,,,,CS
node_144,xfmr_32,,1,,,,,AS
xfmr_32,tn_32,,1,,,,,AS
node_134,xfmr_33,,1,,,,,AS
xfmr_33,tn_33,,1,,,,,AS
node_134,xfmr_34,,1,,,,,BS
xfmr_34,tn_34,,1,,,,,BS
node_134,xfmr_35,,1,,,,,CS
xfmr_35,tn_35,,1,,,,,CS
node_105,xfmr_36,,1,,,,,BS
xfmr_36,tn_36,,1,,,,,BS
node_80,xfmr_37,,1,,,,,BS
xfmr_37,tn_37,,1,,,,,BS
node_70,xfmr_38,,1,,,,,BS
xfmr_38,tn_38,,1,,,,,BS
node_148,xfmr_39,,1,,,,,AS
xfmr_39,tn_39,,1,,,,,AS
node_148,xfmr_40,,1,,,,,BS
xfmr_40,tn_40,,1,,,,,BS
node_148,xfmr_41,,1,,,,,CS
xfmr_41,tn_41,,1,,,,,CS
node_72,xfmr_42,,1,,,,,BS
xfmr_42,tn_42,,1,,,,,BS
node_156,xfmr_43,,1,,,,,AS
xfmr_43,tn_43,,1,,,,,AS
node_156,xfmr_44,,1,,,,,BS
xfmr_44,tn_44,,1,,,,,BS
node_156,xfmr_45,,1,,,,,CS
xfmr_45,tn_45,,1,,,,,CS
node_145,xfmr_46,,1,,,,,BS
xfmr_46,tn_46,,1,,,,,BS
node_106,xfmr_47,,1,,,,,AS
xfmr_47,tn_47,,1,,,,,AS
node_106,xfmr_48,,1,,,,,CS
xfmr_48,tn_48,,1,,,,,CS
node_158,xfmr_49,,1,,,,,BS
xfmr_49,tn_49,,1,,,,,BS
node_149,xfmr_50,,1,,,,,AS
xfmr_50,tn_50,,1,,,,,AS
node_149,xfmr_51,,1,,,,,BS
xfmr_51,tn_51,,1,,,,,BS
node_149,xfmr_52,,1,,,,,CS
xfmr_52,tn_52,,1,,,,,CS
node_88,xfmr_53,,1,,,,,CS
xfmr_53,tn_53,,1,,,,,CS
node_83,xfmr_54,,1,,,,,AS
xfmr_54,tn_54,,1,,,,,AS
node_83,xfmr_55,,1,,,,,BS
xfmr_55,tn_55,,1,,,,,BS
node_83,xfmr_56,,1,,,,,CS
xfmr_56,tn_56,,1,,,,,CS
node_84,xfmr_57,,1,,,,,AS
xfmr_57,tn_57,,1,,,,,AS
node_84,xfmr_58,,1,,,,,BS
xfmr_58,tn_58,,1,,,,,BS
node_84,xfmr_59,,1,,,,,CS
xfmr_59,tn_59,,1,,,,,CS
node_82,xfmr_60,,1,,,,,AS
xfmr_60,tn_60,,1,,,,,AS
node_82,xfmr_61,,1,,,,,BS
xfmr_61,tn_61,,1,,,,,BS
node_82,xfmr_62,,1,,,,,CS
xfmr_62,tn_62,,1,,,,,CS
node_157,xfmr_63,,1,,,,,AS
xfmr_63,tn_63,,1,,,,,AS
node_157,xfmr_64,,1,,,,,BS
xfmr_64,tn_64,,1,,,,,BS
node_157,xfmr_65,,1,,,,,CS
xfmr_65,tn_65,,1,,,,,CS
node_100,xfmr_66,,1,,,,,AS
xfmr_66,tn_66,,1,,,,,AS
node_100,xfmr_67,,1,,,,,CS
xfmr_67,tn_67,,1,,,,,CS
node_127,xfmr_68,,1,,,,,AS
xfmr_68,tn_68,,1,,,,,AS
node_127,xfmr_69,,1,,,,,BS
xfmr_69,tn_69,,1,,,,,BS
node_127,xfmr_70,,1,,,,,CS
xfmr_70,tn_70,,1,,,,,CS
node_159,xfmr_71,,1,,,,,AS
xfmr_71,tn_71,,1,,,,,AS
node_159,xfmr_72,,1,,,,,BS
xfmr_72,tn_72,,1,,,,,BS
node_159,xfmr_73,,1,,,,,CS
xfmr_73,tn_73,,1,,,,,CS
node_94,xfmr_74,,1,,,,,AS
xfmr_74,tn_74,,1,,,,,AS
node_85,xfmr_75,,1,,,,,BS
xfmr_75,tn_75,,1,,,,,BS
node_160,xfmr_76,,1,,,,,AS
xfmr_76,tn_76,,1,,,,,AS
node_160,xfmr_77,,1,,,,,BS
xfmr_77,tn_77,,1,,,,,BS
node_160,xfmr_78,,1,,,,,CS
xfmr_78,tn_78,,1,,,,,CS
node_78,xfmr_79,,1,,,,,CS
xfmr_79,tn_79,,1,,,,,CS
node_79,xfmr_80,,1,,,,,BS
xfmr_80,tn_80,,1,,,,,BS
node_96,xfmr_81,,1,,,,,BS
xfmr_81,tn_81,,1,,,,,BS
node_146,xfmr_82,,1,,,,,AS
xfmr_82,tn_82,,1,,,,,AS
node_146,xfmr_83,,1,,,,,BS
xfmr_83,tn_83,,1,,,,,BS
node_146,xfmr_84,,1,,,,,CS
xfmr_84,tn_84,,1,,,,,CS
node_120,xfmr_85,,1,,,,,BS
xfmr_85,tn_85,,1,,,,,BS
node_153,xfmr_86,,1,,,,,AS
xfmr_86,tn_86,,1,,,,,AS
node_153,xfmr_87,,1,,,,,BS
xfmr_87,tn_87,,1,,,,,BS
node_153,xfmr_88,,1,,,,,CS
xfmr_88,tn_88,,1,,,,,CS
node_118,xfmr_89,,1,,,,,AS
xfmr_89,tn_89,,1,,,,,AS
node_118,xfmr_90,,1,,,,,BS
xfmr_90,tn_90,,1,,,,,BS
node_118,xfmr_91,,1,,,,,CS
xfmr_91,tn_91,,1,,,,,CS
node_90,xfmr_92,,1,,,,,AS
xfmr_92,tn_92,,1,,,,,AS
node_90,xfmr_93,,1,,,,,CS
xfmr_93,tn_93,,1,,,,,CS
node_141,xfmr_94,,1,,,,,AS
xfmr_94,tn_94,,1,,,,,AS
node_141,xfmr_95,,1,,,,,BS
xfmr_95,tn_95,,1,,,,,BS
node_141,xfmr_96,,1,,,,,CS
xfmr_96,tn_96,,1,,,,,CS
node_110,xfmr_97,,1,,,,,CS
xfmr_97,tn_97,,1,,,,,CS
node_75,xfmr_98,,1,,,,,CS
xfmr_98,tn_98,,1,,,,,CS
node_152,xfmr_99,,1,,,,,CS
xfmr_99,tn_99,,1,,,,,CS
node_87,xfmr_100,,1,,,,,BS
xfmr_100,tn_100,,1,,,,,BS
node_117,xfmr_101,,1,,,,,BS
xfmr_101,tn_101,,1,,,,,BS
node_109,xfmr_102,,1,,,,,CS
xfmr_102,tn_102,,1,,,,,CS
node_161,xfmr_103,,1,,,,,AS
xfmr_103,tn_103,,1,,,,,AS
node_161,xfmr_104,,1,,,,,BS
xfmr_104,tn_104,,1,,,,,BS
node_161,xfmr_105,,1,,,,,CS
xfmr_105,tn_105,,1,,,,,CS
node_140,xfmr_106,,1,,,,,AS
xfmr_106,tn_106,,1,,,,,AS
node_140,xfmr_107,,1,,,,,BS
xfmr_107,tn_107,,1,,,,,BS
node_140,xfmr_108,,1,,,,,CS
xfmr_108,tn_108,,1,,,,,CS
node_128,xfmr_109,,1,,,,,AS
xfmr_109,tn_109,,1,,,,,AS
node_128,xfmr_110,,1,,,,,CS
xfmr_110,tn_110,,1,,,,,CS
node_74,xfmr_111,,1,,,,,AS
xfmr_111,tn_111,,1,,,,,AS
node_74,xfmr_112,,1,,,,,CS
xfmr_112,tn_112,,1,,,,,CS
node_150,xfmr_113,,1,,,,,AS
xfmr_113,tn_113,,1,,,,,AS
node_150,xfmr_114,,1,,,,,BS
xfmr_114,tn_114,,1,,,,,BS
node_150,xfmr_115,,1,,,,,CS
xfmr_115,tn_115,,1,,,,,CS
node_69,xfmr_116,,1,,,,,AS
xfmr_116,tn_116,,1,,,,,AS
node_5,xfmr_117,,1,,,,,AS
xfmr_117,tn_117,,1,,,,,AS
node_5,xfmr_118,,1,,,,,BS
xfmr_118,tn_118,,1,,,,,BS
node_5,xfmr_119,,1,,,,,CS
xfmr_119,tn_119,,1,,,,,CS
node_97,xfmr_120,,1,,,,,AS
xfmr_120,tn_120,,1,,,,,AS
node_97,xfmr_121,,1,,,,,BS
xfmr_121,tn_121,,1,,,,,BS
node_97,xfmr_122,,1,,,,,CS
xfmr_122,tn_122,,1,,,,,CS
node_125,xfmr_123,,1,,,,,AS
xfmr_123,tn_123,,1,,,,,AS
node_125,xfmr_124,,1,,,,,BS
xfmr_124,tn_124,,1,,,,,BS
node_125,xfmr_125,,1,,,,,CS
xfmr_125,tn_125,,1,,,,,CS
node_95,xfmr_126,,1,,,,,CS
xfmr_126,tn_126,,1,,,,,CS
node_3,xfmr_127,,1,,,,,AS
xfmr_127,tn_127,,1,,,,,AS
node_3,xfmr_128,,1,,,,,BS
xfmr_128,tn_128,,1,,,,,BS
node_3,xfmr_129,,1,,,,,CS
xfmr_129,tn_129,,1,,,,,CS
node_151,xfmr_130,,1,,,,,AS
xfmr_130,tn_130,,1,,,,,AS
node_151,xfmr_131,,1,,,,,BS
xfmr_131,tn_131,,1,,,,,BS
node_151,xfmr_132,,1,,,,,CS
xfmr_132,tn_132,,1,,,,,CS
node_89,xfmr_133,,1,,,,,AS
xfmr_133,tn_133,,1,,,,,AS
node_89,xfmr_134,,1,,,,,BS
xfmr_134,tn_134,,1,,,,,BS
node_89,xfmr_135,,1,,,,,CS
xfmr_135,tn_135,,1,,,,,CS
node_98,xfmr_136,,1,,,,,AS
xfmr_136,tn_136,,1,,,,,AS
node_98,xfmr_137,,1,,,,,BS
xfmr_137,tn_137,,1,,,,,BS
node_98,xfmr_138,,1,,,,,CS
xfmr_138,tn_138,,1,,,,,CS
node_227,xfmr_139,,1,,,,,ABCN
xfmr_139,meter_1,,1,,,,,ABCN
node_165,xfmr_140,,1,,,,,ABCN
xfmr_140,meter_2,,1,,,,,ABCN
node_122,xfmr_141,,1,,,,,ABCN
xfmr_141,meter_3,,1,,,,,ABCN
node_101,xfmr_142,,1,,,,,ABCN
xfmr_142,meter_4,,1,,,,,ABCN
node_164,xfmr_143,,1,,,,,ABCN
xfmr_143,meter_5,,1,,,,,ABCN
node_167,xfmr_144,,1,,,,,ABCN
xfmr_144,meter_6,,1,,,,,ABCN
node_66,xfmr_145,,1,,,,,ABCN
xfmr_145,meter_7,,1,,,,,ABCN
node_114,xfmr_146,,1,,,,,ABCN
xfmr_146,meter_8,,1,,,,,ABCN
node_138,xfmr_147,,1,,,,,ABCN
xfmr_147,meter_9,,1,,,,,ABCN
node_163,xfmr_148,,1,,,,,ABCN
xfmr_148,meter_10,,1,,,,,ABCN
node_102,xfmr_149,,1,,,,,ABCN
xfmr_149,meter_11,,1,,,,,ABCN
node_166,xfmr_150,,1,,,,,ABCN
xfmr_150,meter_12,,1,,,,,ABCN
node_111,xfmr_151,,1,,,,,ABCN
xfmr_151,meter_13,,1,,,,,ABCN
node_71,xfmr_152,,1,,,,,AN
xfmr_152,meter_14,,1,,,,,AN
node_67,xfmr_153,,1,,,,,ABCN
xfmr_153,meter_15,,1,,,,,ABCN
node_115,xfmr_154,,1,,,,,ABCN
xfmr_154,meter_16,,1,,,,,ABCN
node_112,xfmr_155,,1,,,,,ABCN
xfmr_155,meter_17,,1,,,,,ABCN
node_121,xfmr_156,,1,,,,,ABCN
xfmr_156,meter_18,,1,,,,,ABCN
node_113,xfmr_157,,1,,,,,AN
xfmr_157,meter_19,,1,,,,,AN
node_137,xfmr_158,,1,,,,,AN
xfmr_158,meter_20,,1,,,,,AN
node_168,xfmr_159,,1,,,,,ABCN
xfmr_159,meter_21,,1,,,,,ABCN
node_104,xfmr_160,,1,,,,,ABN
xfmr_160,meter_22,,1,,,,,ABN
node_155,xfmr_161,,1,,,,,ABCN
xfmr_161,meter_23,,1,,,,,ABCN
node_169,xfmr_162,,1,,,,,AN
xfmr_162,meter_24,,1,,,,,AN
node_39,xfmr_163,,1,,,,,ABCN
xfmr_163,meter_25,,1,,,,,ABCN
node_142,xfmr_164,,1,,,,,ABCN
xfmr_164,meter_26,,1,,,,,ABCN
node_130,xfmr_165,,1,,,,,ACN
xfmr_165,meter_27,,1,,,,,ACN
node_92,xfmr_166,,1,,,,,ABCN
xfmr_166,meter_28,,1,,,,,ABCN
node_131,xfmr_167,,1,,,,,ABCN
xfmr_167,meter_29,,1,,,,,ABCN
node_126,xfmr_168,,1,,,,,ABCN
xfmr_168,meter_30,,1,,,,,ABCN
node_107,xfmr_169,,1,,,,,ABCN
xfmr_169,meter_31,,1,,,,,ABCN
node_119,xfmr_170,,1,,,,,ABN
xfmr_170,meter_32,,1,,,,,ABN
node_108,xfmr_171,,1,,,,,ABCN
xfmr_171,meter_33,,1,,,,,ABCN
node_43,xfmr_172,,1,,,,,ABCN
xfmr_172,meter_34,,1,,,,,ABCN
node_68,xfmr_173,,1,,,,,ABCN
xfmr_173,meter_35,,1,,,,,ABCN
node_76,xfmr_174,,1,,,,,ABCN
xfmr_174,meter_36,,1,,,,,ABCN
node_133,xfmr_175,,1,,,,,BN
xfmr_175,meter_37,,1,,,,,BN
node_143,xfmr_176,,1,,,,,ABCN
xfmr_176,meter_38,,1,,,,,ABCN
node_91,xfmr_177,,1,,,,,ABCN
xfmr_177,meter_39,,1,,,,,ABCN
node_14,xfmr_178,,1,,,,,ABCN
xfmr_178,meter_40,,1,,,,,ABCN
node_103,xfmr_179,,1,,,,,ABN
xfmr_179,meter_41,,1,,,,,ABN
node_116,xfmr_180,,1,,,,,ABN
xfmr_180,meter_42,,1,,,,,ABN
node_77,xfmr_181,,1,,,,,ABCN
xfmr_181,meter_43,,1,,,,,ABCN
node_147,xfmr_182,,1,,,,,ABN
xfmr_182,meter_44,,1,,,,,ABN
node_154,xfmr_183,,1,,,,,ABN
xfmr_183,meter_45,,1,,,,,ABN
node_132,xfmr_184,,1,,,,,ABCN
xfmr_184,meter_46,,1,,,,,ABCN
tn_1,tm_1,,1,Solid,,,,CS
tn_2,tm_2,,1,Solid,,,,CS
tn_3,tm_3,,1,Solid,,,,AS
tn_4,tm_4,,1,Solid,,,,BS
tn_5,tm_5,,1,Solid,,,,CS
tn_6,tm_6,,1,Solid,,,,AS
tn_7,tm_7,,1,Solid,,,,BS
tn_8,tm_8,,1,Solid,,,,CS
tn_9,tm_9,,1,Solid,,,,AS
tn_10,tm_10,,1,Solid,,,,BS
tn_11,tm_11,,1,Solid,,,,CS
tn_12,tm_12,,1,Solid,,,,AS
tn_13,tm_13,,1,Solid,,,,AS
tn_14,tm_14,,1,Solid,,,,BS
tn_15,tm_15,,1,Solid,,,,CS
tn_16,tm_16,,1,Solid,,,,AS
tn_17,tm_17,,1,Solid,,,,CS
tn_18,tm_18,,1,Solid,,,,AS
tn_19,tm_19,,1,Solid,,,,BS
tn_20,tm_20,,1,Solid,,,,CS
tn_21,tm_21,,1,Solid,,,,AS
tn_22,tm_22,,1,Solid,,,,BS
tn_23,tm_23,,1,Solid,,,,CS
tn_24,tm_24,,1,Solid,,,,AS
tn_25,tm_25,,1,Solid,,,,BS
tn_26,tm_26,,1,Solid,,,,CS
tn_27,tm_27,,1,Solid,,,,CS
tn_28,tm_28,,1,Solid,,,,CS
tn_29,tm_29,,1,Solid,,,,AS
tn_30,tm_30,,1,Solid,,,,BS
tn_31,tm_31,,1,Solid,,,,CS
tn_32,tm_32,,1,Solid,,,,AS
tn_33,tm_33,,1,Solid,,,,AS
tn_34,tm_34,,1,Solid,,,,BS
tn_35,tm_35,,1,Solid,,,,CS
tn_36,tm_36,,1,Solid,,,,BS
tn_37,tm_37,,1,Solid,,,,BS
tn_38,tm_38,,1,Solid,,,,BS
tn_39,tm_39,,1,Solid,,,,AS
tn_40,tm_40,,1,Solid,,,,BS
tn_41,tm_41,,1,Solid,,,,CS
tn_42,tm_42,,1,Solid,,,,BS
tn_43,tm_43,,1,Solid,,,,AS
tn_44,tm_44,,1,Solid,,,,BS
tn_45,tm_45,,1,Solid,,,,CS
tn_46,tm_46,,1,Solid,,,,BS
tn_47,tm_47,,1,Solid,,,,AS
tn_48,tm_48,,1,Solid,,,,CS
tn_49,tm_49,,1,Solid,,,,BS
tn_50,tm_50,,1,Solid,,,,AS
tn_51,tm_51,,1,Solid,,,,BS
tn_52,tm_52,,1,Solid,,,,CS
tn_53,tm_53,,1,Solid,,,,CS
tn_54,tm_54,,1,Solid,,,,AS
tn_55,tm_55,,1,Solid,,,,BS
tn_56,tm_56,,1,Solid,,,,CS
tn_57,tm_57,,1,Solid,,,,AS
tn_58,tm_58,,1,Solid,,,,BS
tn_59,tm_59,,1,Solid,,,,CS
tn_60,tm_60,,1,Solid,,,,AS
tn_61,tm_61,,1,Solid,,,,BS
tn_62,tm_62,,1,Solid,,,,CS
tn_63,tm_63,,1,Solid,,,,AS
tn_64,tm_64,,1,Solid,,,,BS
tn_65,tm_65,,1,Solid,,,,CS
tn_66,tm_66,,1,Solid,,,,AS
tn_67,tm_67,,1,Solid,,,,CS
tn_68,tm_68,,1,Solid,,,,AS
tn_69,tm_69,,1,Solid,,,,BS
tn_70,tm_70,,1,Solid,,,,CS
tn_71,tm_71,,1,Solid,,,,AS
tn_72,tm_72,,1,Solid,,,,BS
tn_73,tm_73,,1,Solid,,,,CS
tn_74,tm_74,,1,Solid,,,,AS
tn_75,tm_75,,1,Solid,,,,BS
tn_76,tm_76,,1,Solid,,,,AS
tn_77,tm_77,,1,Solid,,,,BS
tn_78,tm_78,,1,Solid,,,,CS
tn_79,tm_79,,1,Solid,,,,CS
tn_80,tm_80,,1,Solid,,,,BS
tn_81,tm_81,,1,Solid,,,,BS
tn_82,tm_82,,1,Solid,,,,AS
tn_83,tm_83,,1,Solid,,,,BS
tn_84,tm_84,,1,Solid,,,,CS
tn_85,tm_85,,1,Solid,,,,BS
tn_86,tm_86,,1,Solid,,,,AS
tn_87,tm_87,,1,Solid,,,,BS
tn_88,tm_88,,1,Solid,,,,CS
tn_89,tm_89,,1,Solid,,,,AS
tn_90,tm_90,,1,Solid,,,,BS
tn_91,tm_91,,1,Solid,,,,CS
tn_92,tm_92,,1,Solid,,,,AS
tn_93,tm_93,,1,Solid,,,,CS
tn_94,tm_94,,1,Solid,,,,AS
tn_95,tm_95,,1,Solid,,,,BS
tn_96,tm_96,,1,Solid,,,,CS
tn_97,tm_97,,1,Solid,,,,CS
tn_98,tm_98,,1,Solid,,,,CS
tn_99,tm_99,,1,Solid,,,,CS
tn_100,tm_100,,1,Solid,,,,BS
tn_101,tm_101,,1,Solid,,,,BS
tn_102,tm_102,,1,Solid,,,,CS
tn_103,tm_103,,1,Solid,,,,AS
tn_104,tm_104,,1,Solid,,,,BS
tn_105,tm_105,,1,Solid,,,,CS
tn_106,tm_106,,1,Solid,,,,AS
tn_107,tm_107,,1,Solid,,,,BS
tn_108,tm_108,,1,Solid,,,,CS
tn_109,tm_109,,1,Solid,,,,AS
tn_110,tm_110,,1,Solid,,,,CS
tn_111,tm_111,,1,Solid,,,,AS
tn_112,tm_112,,1,Solid,,,,CS
tn_113,tm_113,,1,Solid,,,,AS
tn_114,tm_114,,1,Solid,,,,BS
tn_115,tm_115,,1,Solid,,,,CS
tn_116,tm_116,,1,Solid,,,,AS
tn_117,tm_117,,1,Solid,,,,AS
tn_118,tm_118,,1,Solid,,,,BS
tn_119,tm_119,,1,Solid,,,,CS
tn_120,tm_120,,1,Solid,,,,AS
tn_121,tm_121,,1,Solid,,,,BS
tn_122,tm_122,,1,Solid,,,,CS
tn_123,tm_123,,1,Solid,,,,AS
tn_124,tm_124,,1,Solid,,,,BS
tn_125,tm_125,,1,Solid,,,,CS
tn_126,tm_126,,1,Solid,,,,CS
tn_127,tm_127,,1,Solid,,,,AS
tn_128,tm_128,,1,Solid,,,,BS
tn_129,tm_129,,1,Solid,,,,CS
tn_130,tm_130,,1,Solid,,,,AS
tn_131,tm_131,,1,Solid,,,,BS
tn_132,tm_132,,1,Solid,,,,CS
tn_133,tm_133,,1,Solid,,,,AS
tn_134,tm_134,,1,Solid,,,,BS
tn_135,tm_135,,1,Solid,,,,CS
tn_136,tm_136,,1,Solid,,,,AS
tn_137,tm_137,,1,Solid,,,,BS
tn_138,tm_138,,1,Solid,,,,CS
tn_139,tm_1,,2,,,,,CS
tn_140,tm_2,,2,,,,,CS
tn_141,tm_3,,2,,,,,AS
tn_142,tm_4,,2,,,,,BS
tn_143,tm_5,,2,,,,,CS
tn_144,tm_6,,2,,,,,AS
tn_145,tm_7,,2,,,,,BS
tn_146,tm_8,,2,,,,,CS
tn_147,tm_9,,2,,,,,AS
tn_148,tm_10,,2,,,,,BS
tn_149,tm_11,,2,,,,,CS
tn_150,tm_12,,2,,,,,AS
tn_151,tm_13,,2,,,,,AS
tn_152,tm_14,,2,,,,,BS
tn_153,tm_15,,2,,,,,CS
tn_154,tm_16,,2,,,,,AS
tn_155,tm_17,,2,,,,,CS
tn_156,tm_18,,2,,,,,AS
tn_157,tm_19,,2,,,,,BS
tn_158,tm_20,,2,,,,,CS
tn_159,tm_21,,2,,,,,AS
tn_160,tm_22,,2,,,,,BS
tn_161,tm_23,,2,,,,,CS
tn_162,tm_24,,2,,,,,AS
tn_163,tm_25,,2,,,,,BS
tn_164,tm_26,,2,,,,,CS
tn_165,tm_27,,2,,,,,CS
tn_166,tm_28,,2,,,,,CS
tn_167,tm_29,,2,,,,,AS
tn_168,tm_30,,2,,,,,BS
tn_169,tm_31,,2,,,,,CS
tn_170,tm_32,,2,,,,,AS
tn_171,tm_33,,2,,,,,AS
tn_172,tm_34,,2,,,,,BS
tn_173,tm_35,,2,,,,,CS
tn_174,tm_36,,2,,,,,BS
tn_175,tm_37,,2,,,,,BS
tn_176,tm_38,,2,,,,,BS
tn_177,tm_39,,2,,,,,AS
tn_178,tm_40,,2,,,,,BS
tn_179,tm_41,,2,,,,,CS
tn_180,tm_42,,2,,,,,BS
tn_181,tm_43,,2,,,,,AS
tn_182,tm_44,,2,,,,,BS
tn_183,tm_45,,2,,,,,CS
tn_184,tm_46,,2,,,,,BS
tn_185,tm_47,,2,,,,,AS
tn_186,tm_48,,2,,,,,CS
tn_187,tm_49,,2,,,,,BS
tn_188,tm_50,,2,,,,,AS
tn_189,tm_51,,2,,,,,BS
tn_190,tm_52,,2,,,,,CS
tn_191,tm_53,,2,,,,,CS
tn_192,tm_54,,2,,,,,AS
tn_193,tm_55,,2,,,,,BS
tn_194,tm_56,,2,,,,,CS
tn_195,tm_57,,2,,,,,AS
tn_196,tm_58,,2,,,,,BS
tn_197,tm_59,,2,,,,,CS
tn_198,tm_60,,2,,,,,AS
tn_199,tm_61,,2,,,,,BS
tn_200,tm_62,,2,,,,,CS
tn_201,tm_63,,2,,,,,AS
tn_202,tm_64,,2,,,,,BS
tn_203,tm_65,,2,,,,,CS
tn_204,tm_66,,2,,,,,AS
tn_205,tm_67,,2,,,,,CS
tn_206,tm_68,,2,,,,,AS
tn_207,tm_69,,2,,,,,BS
tn_208,tm_70,,2,,,,,CS
tn_209,tm_71,,2,,,,,AS
tn_210,tm_72,,2,,,,,BS
tn_211,tm_73,,2,,,,,CS
tn_212,tm_74,,2,,,,,AS
tn_213,tm_75,,2,,,,,BS
tn_214,tm_76,,2,,,,,AS
tn_215,tm_77,,2,,,,,BS
tn_216,tm_78,,2,,,,,CS
tn_217,tm_79,,2,,,,,CS
tn_218,tm_80,,2,,,,,BS
tn_219,tm_81,,2,,,,,BS
tn_220,tm_82,,2,,,,,AS
tn_221,tm_83,,2,,,,,BS
tn_222,tm_84,,2,,,,,CS
tn_223,tm_85,,2,,,,,BS
tn_224,tm_86,,2,,,,,AS
tn_225,tm_87,,2,,,,,BS
tn_226,tm_88,,2,,,,,CS
tn_227,tm_89,,2,,,,,AS
tn_228,tm_90,,2,,,,,BS
tn_229,tm_91,,2,,,,,CS
tn_230,tm_92,,2,,,,,AS
tn_231,tm_93,,2,,,,,CS
tn_232,tm_94,,2,,,,,AS
tn_233,tm_95,,2,,,,,BS
tn_234,tm_96,,2,,,,,CS
tn_235,tm_97,,2,,,,,CS
tn_236,tm_98,,2,,,,,CS
tn_237,tm_99,,2,,,,,CS
tn_238,tm_100,,2,,,,,BS
tn_239,tm_101,,2,,,,,BS
tn_240,tm_102,,2,,,,,CS
tn_241,tm_103,,2,,,,,AS
tn_242,tm_104,,2,,,,,BS
tn_243,tm_105,,2,,,,,CS
tn_244,tm_106,,2,,,,,AS
tn_245,tm_107,,2,,,,,BS
tn_246,tm_108,,2,,,,,CS
tn_247,tm_109,,2,,,,,AS
tn_248,tm_110,,2,,,,,CS
tn_249,tm_111,,2,,,,,AS
tn_250,tm_112,,2,,,,,CS
tn_251,tm_113,,2,,,,,AS
tn_252,tm_114,,2,,,,,BS
tn_253,tm_115,,2,,,,,CS
tn_254,tm_116,,2,,,,,AS
tn_255,tm_117,,2,,,,,AS
tn_256,tm_118,,2,,,,,BS
tn_257,tm_119,,2,,,,,CS
tn_258,tm_120,,2,,,,,AS
tn_259,tm_121,,2,,,,,BS
tn_260,tm_122,,2,,,,,CS
tn_261,tm_123,,2,,,,,AS
tn_262,tm_124,,2,,,,,BS
tn_263,tm_125,,2,,,,,CS
tn_264,tm_126,,2,,,,,CS
tn_265,tm_127,,2,,,,,AS
tn_266,tm_128,,2,,,,,BS
tn_267,tm_129,,2,,,,,CS
tn_268,tm_130,,2,,,,,AS
tn_269,tm_131,,2,,,,,BS
tn_270,tm_132,,2,,,,,CS
tn_271,tm_133,,2,,,,,AS
tn_272,tm_134,,2,,,,,BS
tn_273,tm_135,,2,,,,,CS
tn_274,tm_136,,2,,,,,AS
tn_275,tm_137,,2,,,,,BS
tn_276,tm_138,,2,,,,,CS
node_196,node_48,,1,Dot,,,,ABCN
node_290,node_243,,1,Dot,,,,ABCN
node_178,node_240,,1,Dot,,,,ABCN
node_257,node_307,,1,Dot,,,,ABCN
node_48,node_261,,1,Dot,,,,ABCN
node_242,node_36,,1,Dot,,,,AN
node_36,node_263,,1,Dot,,,,AN
node_189,node_259,,1,Dot,,,,AN
node_247,node_274,,1,Dot,,,,ABCN
node_274,node_232,,1,Dot,,,,ABCN
node_265,node_281,,1,Dot,,,,ABCN
node_255,node_252,,1,Dot,,,,ABCN
node_248,node_253,,1,Dot,,,,ABCN
node_281,node_282,,1,Dot,,,,ABCN
node_266,node_234,,1,Dot,,,,ABCN
node_282,node_228,,1,Dot,,,,ABCN
node_227,node_266,,1,Dot,,,,ABCN
node_224,node_222,,1,Dot,,,,ABCN
node_173,node_264,,1,Dot,,,,ABCN
node_172,node_280,,1,Dot,,,,ABCN
node_193,node_244,,1,Dot,,,,CN
node_180,node_245,,1,Dot,,,,ABCN
node_297,node_296,,1,Dot,,,,ABCN
node_298,node_283,,1,Dot,,,,ABCN
node_268,node_297,,1,Dot,,,,ABCN
node_211,node_269,,1,Dot,,,,ABCN
node_197,node_270,,1,Dot,,,,ABCN
node_299,node_310,,1,Dot,,,,ABCN
node_277,node_300,,1,Dot,,,,ABCN
node_301,node_277,,1,Dot,,,,ABCN
node_285,node_301,,1,Dot,,,,ABCN
node_291,node_285,,1,Dot,,,,ABCN
node_273,node_272,,1,Dot,,,,ABCN
node_289,node_292,,1,Dot,,,,ABCN
node_278,node_302,,1,Dot,,,,ABCN
node_303,node_278,,1,Dot,,,,ABCN
node_279,node_303,,1,Dot,,,,ABCN
node_305,node_304,,1,Dot,,,,ABCN
node_306,node_305,,1,Dot,,,,ABCN
node_1,node_306,,1,Dot,,,,ABCN
node_187,node_249,,1,Dot,,,,ABCN
node_214,node_315,,1,Dot,,,,ABCN
node_188,node_290,,1,Dot,,,,ABCN
node_202,node_251,,1,Dot,,,,ABCN
node_256,node_284,,1,Dot,,,,ABCN
node_280,node_237,,1,Dot,,,,ABCN
node_296,node_294,,1,Dot,,,,ABCN
node_246,node_275,,1,Dot,,,,ABCN
node_287,node_276,,1,Dot,,,,ABCN
node_238,node_250,,1,Dot,,,,ABCN
node_307,node_308,,1,Dot,,,,ABCN
node_288,node_215,,1,Dot,,,,ABCN
node_254,node_293,,1,Dot,,,,ABCN
node_191,node_311,,1,Dot,,,,ABCN
node_219,node_295,,1,Dot,,,,ABCN
node_199,node_288,,1,Dot,,,,ABCN
node_181,node_233,,1,Dot,,,,CN
node_184,node_231,,1,Dot,,,,ABCN
node_284,node_298,,1,Dot,,,,ABCN
node_270,node_235,,1,Dot,,,,ABCN
node_283,node_267,,1,Dot,,,,ABCN
node_300,node_299,,1,Dot,,,,ABCN
node_272,node_291,,1,Dot,,,,ABCN
node_271,node_273,,1,Dot,,,,ABCN
node_292,node_271,,1,Dot,,,,ABCN
node_286,node_289,,1,Dot,,,,ABCN
node_302,node_286,,1,Dot,,,,ABCN
node_304,node_279,,1,Dot,,,,ABCN
node_307,node_38,,1,Dot,,,,AN
node_308,node_37,,1,Dot,,,,AN
node_239,node_316,,1,Dot,,,,ABCN
node_200,node_229,,1,Dot,,,,AN
node_183,node_309,,1,Dot,,,,ABCN
node_267,node_287,,1,Dot,,,,ABCN
node_275,node_258,,1,Dot,,,,ABCN
node_276,node_262,,1,Dot,,,,ABCN
node_269,node_268,,1,Dot,,,,ABCN
